<StimulationSet>



    <!-- the injectionSite must match a regionLabel deefined in the morphology -->

   <!-- Make each train have 25 pulses, 4 trains = 100 pulses, same as theta -->

<!-- Train 1 -->
<InjectionStim specieID="Dhpg" injectionSite="sa1[0].pointA">
        <onset>               20000          </onset>
        <duration>            5              </duration>
        <rate>                30.0           </rate>
        <period>              50             </period>
        <end>                 20999          </end>
        <numTrains>           20             </numTrains>
        <interTrainInterval>  9001          </interTrainInterval>   
</InjectionStim>

<!--  Ca pulses  Only 40 pulses per train to achieve reasonable Ca -->


<InjectionStim specieID="Ca" injectionSite="sa1[0].pointA">
        <onset>               20000          </onset>
        <duration>            3              </duration>
        <rate>                256            </rate>
        <period>              50             </period>
        <end>                 20999          </end>
        <numTrains>           20             </numTrains>
        <interTrainInterval>  9001          </interTrainInterval>  
</InjectionStim>

<InjectionStim specieID="Ca" injectionSite="sa2[0:30].pointD">
        <onset>               20000          </onset>
        <duration>            3              </duration>
        <rate>                260            </rate>
        <period>              50             </period>
        <end>                 20999          </end>
        <numTrains>           20             </numTrains>
        <interTrainInterval>  9001          </interTrainInterval>  
</InjectionStim>


 </StimulationSet>
