<StimulationSet>

    <!-- Uchigashima - DSI sims 100 ms  -->

<InjectionStim specieID="Dhpg" injectionSite="sa1[0].pointA">
        <onset>               12000          </onset>
        <duration>            20             </duration>
        <rate>                30           </rate>
</InjectionStim>

<InjectionStim specieID="Dhpg" injectionSite="sa1[0].pointA">
        <onset>               12050          </onset>
        <duration>            450             </duration>
        <rate>                1.2           </rate>
</InjectionStim>

<InjectionStim specieID="Dhpg" injectionSite="sa1[0].pointA">
        <onset>               12500          </onset>
        <duration>            19500             </duration>
        <rate>                1.1           </rate>
</InjectionStim>

<InjectionStim specieID="Ca" injectionSite="sa1[0].pointA">
        <onset>               14000           </onset>
        <duration>             100           </duration>
        <rate>                   12           </rate>
</InjectionStim>

<InjectionStim specieID="Ca" injectionSite="sa2[0:3].pointD">
        <onset>               14000           </onset>
        <duration>             100           </duration>
        <rate>                  60           </rate>
</InjectionStim>


</StimulationSet>
